{
	"version": "0.2.0",
	"configurations": [
		{
			"name": "Wing 内置播放器调试",
			"type": "chrome",
			"request": "launch",
			"file": "index.html",
			//"url": "http://mysite.com/index.html", //使用外部服务器时,请注释掉 file, 改用 url, 并将 useBuildInServer 设置为 false
			"runtimeExecutable": "${execPath}",
			"sourceMaps": true,
			"webRoot": "${workspaceRoot}",
			"preLaunchTask":"build",
			"port":5260
		},
		{
			"name": "使用本机 Chrome 调试",
			"type": "chrome",
			"request": "launch",
			"file": "index.html",
			//"url": "http://mysite.com/index.html", //使用外部服务器时,请注释掉 file, 改用 url, 并将 useBuildInServer 设置为 false
			"runtimeExecutable": "/Applications/Google Chrome.app/Contents/MacOS/Google Chrome", // 改成您的 Chrome 安装路径
			"sourceMaps": true,
			"webRoot": "${workspaceRoot}",
			"preLaunchTask":"build",
			"userDataDir":"${tmpdir}",
			"port":5260
		},
		{
			"name": "附加到 Chrome 进程",
			"type": "chrome",
			"request": "attach",
			"port": 9222,
			"webRoot": "${workspaceRoot}"
		}
	]
}